,Channels,total_spike_count,all_spike_times,all_spike_types
0,LA1-LA6,42,"[444.89, 445.78, 650.63, 1495.675, 1508.81, 1992.76, 2007.49, 2011.7, 2077.905, 2538.88, 3211.765, 3465.88, 3471.195, 3496.07, 3513.755, 3513.765, 3600.29, 3613.885, 3615.435, 3631.22, 4304.255, 4304.555, 4313.03, 4726.89, 4969.26, 5055.555, 5107.475, 5165.58, 5317.845, 5454.49, 5973.225, 6131.85, 6133.095, 6419.39, 6462.575, 6471.255, 6471.26, 6487.985, 6538.33, 6538.33, 6547.67, 6560.995]","['p_sw', 'p_spike', 'p_spike', 'p_sw', 'p_sw', 'p_sw', 'p_spike', 'p_sw', 'p_spike', 'p_sw', 'p_spike', 'p_sw', 'p_spike', 'p_sw', 'p_spike', 'p_spike', 'p_sw', 'p_sw', 'p_spike', 'p_sw', 'p_spike', 'p_spike', 'p_poly', 'p_sw', 'p_sw', 'p_sw', 'p_sw', 'p_sw', 'p_spike', 'p_sw', 'p_sw', 'p_sw', 'p_spike', 'p_sw', 'p_spike', 'p_sw', 'p_sw', 'p_sw', 'p_sw', 'p_sw', 'p_sw', 'p_sw']"
1,LA6-LA9,57,"[247.785, 262.75, 310.055, 444.795, 445.05, 653.175, 1173.855, 1197.595, 1238.225, 1241.805, 1992.72, 2000.08, 2005.765, 2009.445, 2061.145, 2077.54, 2077.925, 3460.505, 3513.755, 3559.25, 3613.285, 3625.58, 3628.59, 3663.765, 3694.35, 3694.35, 3699.93, 3847.37, 3914.57, 4137.895, 4225.14, 4304.54, 4308.47, 5098.95, 5107.47, 5164.495, 5165.56, 5165.635, 5189.04, 5237.115, 5237.115, 5277.355, 5277.575, 5359.115, 5454.34, 5464.145, 5591.11, 5591.11, 5595.28, 5604.755, 6081.675, 6081.675, 6288.235, 6462.43, 6462.485, 6462.58, 6573.545]","['p_sw', 'p_sw', 'p_spike', 'p_sw', 'p_spike', 'p_sw', 'p_sw', 'p_spike', 'p_spike', 'p_sw', 'p_spike', 'p_spike', 'p_sw', 'p_sw', 'p_sw', 'p_spike', 'p_sw', 'p_sw', 'p_spike', 'p_sw', 'p_spike', 'p_sw', 'p_sw', 'p_sw', 'p_sw', 'p_sw', 'p_sw', 'p_spike', 'p_spike', 'p_sw', 'p_spike', 'p_sw', 'p_spike', 'p_sw', 'p_spike', 'p_sw', 'p_spike', 'p_spike', 'p_sw', 'p_sw', 'p_sw', 'p_sw', 'p_sw', 'p_spike', 'p_sw', 'p_sw', 'p_sw', 'p_sw', 'p_poly', 'p_sw', 'p_sw', 'p_spike', 'p_sw', 'p_sw', 'p_poly', 'p_spike', 'p_sw']"
2,LA9-LA12,41,"[310.02, 386.625, 444.825, 444.84, 1996.3, 3496.66, 3513.75, 3513.755, 3613.485, 3613.995, 3614.005, 3625.58, 3625.58, 3822.455, 4225.125, 4304.545, 4304.55, 4322.59, 4358.17, 4424.53, 4444.345, 5107.495, 5121.145, 5160.035, 5164.49, 5165.64, 5223.145, 5237.605, 5277.41, 5277.58, 5454.35, 5591.14, 5829.045, 6322.75, 6462.875, 6462.88, 6462.885, 6544.185, 6582.355, 6588.05, 6607.475]","['p_sw', 'p_spike', 'p_sw', 'p_sw', 'p_sw', 'p_sw', 'p_spike', 'p_sw', 'p_sw', 'p_spike', 'p_sw', 'p_spike', 'p_spike', 'p_spike', 'p_spike', 'p_spike', 'p_sw', 'p_sw', 'p_sw', 'p_sw', 'p_sw', 'p_sw', 'p_spike', 'p_sw', 'p_spike', 'p_sw', 'p_sw', 'p_spike', 'p_sw', 'p_sw', 'p_sw', 'p_spike', 'p_sw', 'p_sw', 'p_sw', 'p_sw', 'p_sw', 'p_sw', 'p_sw', 'p_sw', 'p_sw']"
3,LH1-LH6,50,"[287.015, 556.06553125, 1240.965, 2009.43, 2041.17, 2281.68, 2398.675, 2541.3194375, 2592.26865625, 2621.4444375, 2631.53, 2799.44, 2860.32, 3013.085, 3187.335, 3252.845, 3355.45, 3355.455, 3431.395, 3513.755, 3513.755, 3513.755, 3513.755, 3613.27, 3614.005, 3625.59, 3625.595, 3699.92, 3699.93, 3732.97959375, 3852.26475, 3911.90146875, 4225.245, 4304.255, 4304.55, 4304.555, 4388.32, 4417.24, 5019.44, 5454.28, 5454.285, 6131.62, 6406.155, 6450.49, 6462.445, 6462.925, 6886.42, 6895.74, 6923.495, 6985.19]","['p_spike', 'p_sw', 'p_spike', 'p_spike', 'p_sw', 'p_sw', 'p_sw', 'p_spike', 'p_sw', 'p_sw', 'p_sw', 'p_sw', 'p_sw', 'p_sw', 'p_sw', 'p_spike', 'p_spike', 'p_sw', 'p_sw', 'p_sw', 'p_sw', 'p_sw', 'p_spike', 'p_spike', 'p_sw', 'p_sw', 'p_spike', 'p_sw', 'p_sw', 'p_sw', 'p_sw', 'p_sw', 'p_sw', 'p_spike', 'p_sw', 'p_spike', 'p_spike', 'p_sw', 'p_sw', 'p_sw', 'p_sw', 'p_sw', 'p_spike', 'p_sw', 'p_sw', 'p_spike', 'p_sw', 'p_sw', 'p_sw', 'p_sw']"
4,LH6-LH9,38,"[280.235, 372.885, 465.01, 537.625, 988.29, 1238.145, 1861.735, 1952.92, 1963.825, 2009.435, 2077.98, 2217.285, 3490.7, 3513.755, 3513.755, 3521.145, 3613.505, 3614.005, 3615.06, 3625.59, 3629.485, 3631.575, 3694.31, 3699.925, 3866.71, 4304.55, 4316.175, 5107.49, 5166.46, 5189.055, 5622.935, 6083.215, 6381.735, 6406.115, 6462.58, 6462.92, 6462.92, 6596.77]","['p_spike', 'p_spike', 'p_spike', 'p_spike', 'p_spike', 'p_spike', 'p_spike', 'p_spike', 'p_sw', 'p_poly', 'p_spike', 'p_spike', 'p_sw', 'p_sw', 'p_spike', 'p_spike', 'p_sw', 'p_spike', 'p_spike', 'p_sw', 'p_sw', 'p_spike', 'p_sw', 'p_sw', 'p_spike', 'p_spike', 'p_sw', 'p_sw', 'p_spike', 'p_sw', 'p_spike', 'p_sw', 'p_sw', 'p_sw', 'p_spike', 'p_spike', 'p_sw', 'p_spike']"
5,LH9-LH12,106,"[196.575, 258.52, 280.245, 331.975, 372.885, 452.155, 537.625, 561.405, 703.29, 725.63, 778.15, 823.58, 935.23, 988.28, 992.095, 1082.93, 1082.935, 1224.225, 1238.09, 1241.81, 1258.965, 1336.42, 1460.98, 1592.43, 1632.29, 1634.42, 1698.04, 1765.77, 1861.72, 1861.73, 1911.875, 1937.415, 1950.505, 1950.51, 1979.13, 2093.18, 2191.22, 2217.275, 2285.795, 2288.815, 2429.725, 2681.54, 3232.885, 3232.9, 3296.68, 3337.15, 3504.505, 3504.53, 3505.625, 3513.755, 3556.065, 3590.11, 3596.465, 3596.465, 3613.28, 3613.29, 3613.295, 3615.065, 3625.395, 3625.59, 3677.945, 3692.62, 3703.015, 3705.755, 3794.835, 3794.835, 3814.48, 3845.97, 3853.52, 3876.115, 4005.71, 4161.505, 4304.545, 4315.375, 4390.54, 4417.285, 4499.8, 4558.225, 4691.69, 4743.135, 4991.53, 5085.245, 5148.1, 5231.7, 5302.58, 5340.845, 5362.32, 5385.785, 5454.34, 5463.325, 5612.455, 5630.66, 5738.485, 5739.75, 5822.79, 5822.8, 6204.92, 6262.705, 6314.745, 6381.705, 6462.575, 6462.58, 6462.58, 6467.965, 6596.765, 6888.48]","['p_sw', 'p_spike', 'p_spike', 'p_spike', 'p_sw', 'p_spike', 'p_sw', 'p_spike', 'p_sw', 'p_sw', 'p_spike', 'p_sw', 'p_spike', 'p_spike', 'p_spike', 'p_spike', 'p_sw', 'p_sw', 'p_sw', 'p_sw', 'p_sw', 'p_spike', 'p_spike', 'p_spike', 'p_spike', 'p_sw', 'p_spike', 'p_sw', 'p_sw', 'p_sw', 'p_spike', 'p_sw', 'p_sw', 'p_spike', 'p_spike', 'p_sw', 'p_spike', 'p_spike', 'p_sw', 'p_sw', 'p_sw', 'p_sw', 'p_spike', 'p_spike', 'p_sw', 'p_sw', 'p_spike', 'p_spike', 'p_spike', 'p_sw', 'p_sw', 'p_spike', 'p_spike', 'p_sw', 'p_sw', 'p_spike', 'p_spike', 'p_spike', 'p_spike', 'p_spike', 'p_spike', 'p_spike', 'p_sw', 'p_spike', 'p_sw', 'p_spike', 'p_spike', 'p_sw', 'p_spike', 'p_spike', 'p_spike', 'p_sw', 'p_sw', 'p_spike', 'p_spike', 'p_sw', 'p_spike', 'p_sw', 'p_sw', 'p_sw', 'p_spike', 'p_sw', 'p_sw', 'p_sw', 'p_spike', 'p_sw', 'p_sw', 'p_sw', 'p_sw', 'p_sw', 'p_spike', 'p_sw', 'p_spike', 'p_sw', 'p_sw', 'p_spike', 'p_sw', 'p_sw', 'p_sw', 'p_sw', 'p_spike', 'p_spike', 'p_spike', 'p_spike', 'p_sw', 'p_sw']"
6,LP1-LP6,47,"[152.215, 444.875, 561.415, 652.81, 653.085, 1170.295, 1993.565, 2028.165, 2041.19, 2060.94, 2077.925, 2093.2, 2864.025, 3232.9, 3239.825, 3417.885, 3496.625, 3514.015, 3559.11, 3613.285, 3625.445, 3629.825, 3635.265, 3699.885, 3838.865, 4302.24, 4308.45, 4388.23, 5106.07, 5107.46, 5145.125, 5189.065, 5235.76, 5359.13, 5428.225, 5454.34, 5515.055, 5572.215, 5668.805, 6269.195, 6381.71, 6403.935, 6459.27, 6462.58, 6462.58, 6462.65, 6504.79]","['p_sw', 'p_spike', 'p_sw', 'p_spike', 'p_sw', 'p_sw', 'p_sw', 'p_sw', 'p_sw', 'p_sw', 'p_spike', 'p_poly', 'p_sw', 'p_sw', 'p_sw', 'p_sw', 'p_sw', 'p_sw', 'p_sw', 'p_spike', 'p_spike', 'p_sw', 'p_sw', 'p_spike', 'p_sw', 'p_sw', 'p_sw', 'p_sw', 'p_sw', 'p_sw', 'p_spike', 'p_sw', 'p_sw', 'p_spike', 'p_sw', 'p_sw', 'p_sw', 'p_sw', 'p_sw', 'p_sw', 'p_sw', 'p_spike', 'p_spike', 'p_spike', 'p_sw', 'p_sw', 'p_sw']"
7,LP6-LP9,22,"[386.745, 389.03, 390.595, 390.9, 1181.66, 1222.705, 1238.325, 3513.71, 4304.535, 5107.44, 5165.655, 5235.81, 5359.12, 5362.305, 5454.205, 5454.21, 5464.355, 6187.79, 6406.215, 6462.9, 6462.91, 6462.91]","['p_spike', 'p_sw', 'p_spike', 'p_spike', 'p_spike', 'p_sw', 'p_sw', 'p_sw', 'p_sw', 'p_spike', 'p_sw', 'p_sw', 'p_sw', 'p_sw', 'p_sw', 'p_poly', 'p_spike', 'p_sw', 'p_sw', 'p_sw', 'p_poly', 'p_poly']"
8,LP9-LP12,21,"[219.555, 286.96, 314.365, 372.96, 389.075, 444.85, 736.02, 1238.25, 1240.735, 3613.28, 3613.285, 3625.59, 4235.175, 4304.27, 5165.63, 5165.63, 5326.03, 5328.795, 5359.075, 5454.215, 6462.92]","['p_spike', 'p_sw', 'p_spike', 'p_spike', 'p_sw', 'p_sw', 'p_sw', 'p_spike', 'p_sw', 'p_sw', 'p_sw', 'p_spike', 'p_sw', 'p_spike', 'p_spike', 'p_poly', 'p_sw', 'p_sw', 'p_sw', 'p_sw', 'p_spike']"
9,LS1-LS6,14,"[1238.28, 3513.755, 3513.755, 3613.275, 3625.385, 3625.59, 4304.265, 4304.545, 5119.905, 5454.05, 6218.27, 6462.58, 6462.915, 6462.92]","['p_sw', 'p_poly', 'p_sw', 'p_spike', 'p_sw', 'p_sw', 'p_spike', 'p_poly', 'p_sw', 'p_sw', 'p_sw', 'p_poly', 'p_spike', 'p_spike']"
10,LS6-LS9,5,"[1989.015, 3513.755, 5463.255, 6462.925, 6462.925]","['p_spike', 'p_sw', 'p_sw', 'p_spike', 'p_sw']"
11,LT1-LT3,21,"[386.255, 389.06, 390.615, 1172.975, 2008.905, 3460.49, 3497.45, 3513.755, 3613.505, 3614.005, 3625.38, 3625.595, 4304.27, 4417.235, 5188.845, 5272.11, 5359.13, 5454.355, 5464.285, 6245.915, 6462.58]","['p_spike', 'p_sw', 'p_sw', 'p_poly', 'p_sw', 'p_spike', 'p_sw', 'p_sw', 'p_sw', 'p_sw', 'p_spike', 'p_sw', 'p_spike', 'p_spike', 'p_sw', 'p_sw', 'p_sw', 'p_spike', 'p_sw', 'p_spike', 'p_spike']"
12,LT3-LT5,25,"[286.355, 343.735, 343.735, 474.125, 711.77, 711.9, 1173.835, 1242.185, 2012.645, 3460.49, 3496.84, 3496.845, 3613.3, 3618.215, 3625.33, 4417.255, 4417.255, 5120.8, 5188.86, 5359.11, 5464.23, 6243.94, 6345.825, 6462.575, 6462.58]","['p_spike', 'p_spike', 'p_sw', 'p_sw', 'p_sw', 'p_spike', 'p_sw', 'p_sw', 'p_sw', 'p_spike', 'p_spike', 'p_spike', 'p_spike', 'p_sw', 'p_sw', 'p_sw', 'p_poly', 'p_sw', 'p_spike', 'p_sw', 'p_sw', 'p_sw', 'p_spike', 'p_spike', 'p_spike']"
13,RA1-RA6,676,"[22.16, 23.175, 23.175, 44.13, 44.15, 48.545, 69.455, 71.045, 71.05, 71.05, 71.05, 73.985, 75.52, 75.53, 75.53, 86.505, 118.195, 118.235, 118.24, 135.51, 139.41, 139.41, 166.715, 166.755, 170.205, 170.56, 444.81, 607.52, 607.53, 626.58, 866.515, 866.525, 934.77, 943.77, 943.98, 946.0, 946.0, 946.005, 946.005, 959.97, 977.54, 977.545, 1000.205, 1001.215, 1009.685, 1019.735, 1020.73, 1020.735, 1020.74, 1028.0, 1028.005, 1028.045, 1032.07, 1051.075, 1051.08, 1051.085, 1061.15, 1061.15, 1076.5, 1083.94, 1083.945, 1083.95, 1091.39, 1113.795, 1113.805, 1113.805, 1113.81, 1127.04, 1127.05, 1127.065, 1128.44, 1128.445, 1128.445, 1137.85, 1138.22, 1138.22, 1139.22, 1139.24, 1139.245, 1142.98, 1145.915, 1145.93, 1145.93, 1148.05, 1148.05, 1152.265, 1155.765, 1159.115, 1333.445, 1333.455, 1335.425, 1337.22, 1337.225, 1380.59, 1380.6, 1414.285, 1414.29, 1447.77, 1447.775, 1447.82, 1454.37, 1517.82, 1517.83, 1517.835, 1549.79, 1549.795, 1554.1, 1554.105, 1554.11, 1554.11, 1555.145, 1559.185, 1582.675, 1675.015, 1723.94, 1727.58, 1727.595, 2027.93, 2027.935, 2027.975, 2027.975, 2132.67, 2224.535, 2225.075, 2268.685, 2268.695, 2268.715, 2279.21, 2279.22, 2280.66, 2284.47, 2294.57, 2316.845, 2317.515, 2317.535, 2325.575, 2335.755, 2335.755, 2340.42, 2349.89, 2361.35, 2361.355, 2364.74, 2364.74, 2364.745, 2367.09, 2367.095, 2367.095, 2376.03, 2376.03, 2384.61, 2384.61, 2384.615, 2407.42, 2407.425, 2407.43, 2418.87, 2421.14, 2421.145, 2421.15, 2427.12, 2427.12, 2431.11, 2431.12, 2431.13, 2432.805, 2481.995, 2482.0, 2482.005, 2482.01, 2516.105, 2516.11, 2516.115, 2524.035, 2524.04, 2524.085, 2524.085, 2529.735, 2533.58, 2536.075, 2536.08, 2536.09, 2569.165, 2569.165, 2569.175, 2581.745, 2581.745, 2585.02, 2595.72, 2595.73, 2612.065, 2614.32, 2624.325, 2624.325, 2629.165, 2637.175, 2637.175, 2672.54, 2672.545, 2672.545, 2677.48, 2685.1, 2685.11, 2691.625, 2704.4, 2710.36, 2710.365, 2733.97, 2758.46, 2766.29, 2766.37, 2768.215, 2768.225, 2768.225, 2771.89, 2773.235, 2773.24, 2786.955, 2786.955, 2793.56, 2793.565, 2804.345, 2804.345, 2814.96, 2814.965, 2814.97, 2824.51, 2824.52, 2826.695, 2847.115, 2847.115, 2847.12, 2866.455, 2871.18, 2871.19, 2871.19, 2879.125, 2886.785, 2891.2, 2891.2, 2891.205, 2906.05, 2906.055, 2906.06, 2924.7, 2924.705, 2924.71, 2932.675, 2932.73, 2941.41, 2941.415, 2954.255, 2954.26, 2971.7, 2971.705, 2973.52, 2986.91, 2986.91, 2986.915, 2986.915, 2990.135, 2990.19, 2990.205, 2994.64, 3010.71, 3010.71, 3029.52, 3029.52, 3029.52, 3029.52, 3037.67, 3037.68, 3047.71, 3055.17, 3062.115, 3063.73, 3079.585, 3079.64, 3087.39, 3087.395, 3091.285, 3097.16, 3099.35, 3102.275, 3106.51, 3106.51, 3111.695, 3111.705, 3113.965, 3119.455, 3130.495, 3130.5, 3130.5, 3130.505, 3139.095, 3139.095, 3151.72, 3151.725, 3151.725, 3151.73, 3166.665, 3166.675, 3208.96, 3212.01, 3212.015, 3225.68, 3225.685, 3234.905, 3234.915, 3234.915, 3243.83, 3255.28, 3255.285, 3257.64, 3257.64, 3259.67, 3265.385, 3284.865, 3293.075, 3293.085, 3301.84, 3309.38, 3309.385, 3309.425, 3309.43, 3314.215, 3314.215, 3317.34, 3317.385, 3328.615, 3328.695, 3335.87, 3340.545, 3340.545, 3355.295, 3355.305, 3372.64, 3372.645, 3374.52, 3384.065, 3384.12, 3388.795, 3388.795, 3388.8, 3393.61, 3393.625, 3404.355, 3404.36, 3417.455, 3417.46, 3420.16, 3436.88, 3436.89, 3443.815, 3443.82, 3443.82, 3443.82, 3449.405, 3513.755, 3513.755, 3625.3, 3625.595, 3710.75, 3807.7, 3880.825, 3880.835, 3899.01, 3912.31, 3912.325, 3912.345, 3948.82, 3948.825, 3956.995, 3999.375, 3999.38, 4003.21, 4003.21, 4003.215, 4003.215, 4010.05, 4010.06, 4015.625, 4046.17, 4054.97, 4104.54, 4104.545, 4104.585, 4104.585, 4161.1, 4161.11, 4161.565, 4164.915, 4164.935, 4164.935, 4164.935, 4608.51, 4609.1, 4613.15, 4613.155, 4613.155, 4621.19, 4621.2, 4626.91, 4655.76, 4655.77, 4655.77, 4655.775, 4661.335, 4661.335, 4661.345, 4661.35, 4665.035, 4665.04, 4685.565, 4685.565, 4685.595, 4688.965, 4688.965, 4689.015, 4719.395, 4719.405, 4719.41, 4722.52, 4722.535, 4722.54, 4735.145, 4735.145, 4735.15, 4769.58, 4769.585, 4769.585, 4778.71, 4778.745, 4778.745, 4778.965, 4794.76, 4794.77, 4794.77, 4804.155, 4804.16, 4804.165, 4818.71, 4818.71, 4818.715, 4825.05, 4825.055, 4825.06, 4853.94, 4853.95, 4853.95, 4853.955, 4857.115, 4857.135, 4871.965, 4878.285, 4878.535, 4884.94, 4884.95, 4890.33, 4901.965, 4902.84, 4902.845, 4914.16, 4926.575, 4926.58, 4926.59, 4932.655, 4936.815, 4936.825, 4959.05, 4959.06, 4977.275, 4991.325, 4991.33, 4995.61, 4995.615, 4995.615, 4995.62, 4997.79, 5006.4, 5016.52, 5016.525, 5016.53, 5016.53, 5018.415, 5054.565, 5055.595, 5060.195, 5060.24, 5237.16, 5277.325, 5401.86, 5420.1, 5420.1, 5420.1, 5420.1, 5448.82, 5512.695, 5557.155, 5557.155, 5557.155, 5568.98, 5568.98, 5569.61, 5576.96, 5577.385, 5591.165, 5594.285, 5594.29, 5694.435, 5705.035, 5707.0, 5715.01, 5715.025, 5715.035, 5715.04, 5738.73, 5738.73, 5738.735, 5744.515, 5754.175, 5754.175, 5754.22, 5760.49, 5773.165, 5773.24, 5790.335, 5790.34, 5790.34, 5790.37, 5794.195, 5821.15, 5821.175, 5824.52, 5827.02, 5829.385, 5829.87, 5836.73, 5839.11, 5846.185, 5846.275, 5885.145, 5885.155, 5895.6, 5900.41, 5900.41, 5900.415, 5913.17, 5924.52, 5924.525, 5924.555, 5928.53, 5934.64, 5947.945, 5947.95, 5950.275, 5950.32, 5954.27, 5954.275, 5966.23, 5972.89, 5972.895, 5972.9, 5976.395, 5978.525, 5985.635, 5985.66, 5985.84, 5990.5, 5990.51, 5990.51, 5990.515, 5994.955, 5995.075, 6018.19, 6035.58, 6035.6, 6047.92, 6047.92, 6067.95, 6067.95, 6067.955, 6072.185, 6072.2, 6073.89, 6073.895, 6076.49, 6076.49, 6406.185, 6462.93, 6645.14, 6645.14, 6716.885, 6760.63, 6760.765, 6780.455, 6781.77, 6781.82, 6781.825, 6786.865, 6814.58, 6814.585, 6826.475, 6831.095, 6834.4, 6843.58, 6843.585, 6844.645, 6844.655, 6855.805, 6877.775, 6877.78, 6877.785, 6880.245, 6886.605, 6886.61, 6886.61, 6887.51, 6920.245, 6920.245, 6924.41, 6927.885, 6927.895, 6927.895, 6927.9, 6934.765, 6934.775, 6934.775, 6940.915, 6940.94, 6945.625, 6945.63, 6958.95, 6968.395, 6968.44, 6970.755, 6970.755, 6970.76, 6986.595, 6986.6, 6998.65, 7011.135, 7011.94, 7022.91, 7039.515, 7039.52, 7050.78, 7050.79, 7067.51, 7067.515, 7067.515, 7067.52, 7070.56, 7076.49, 7076.495, 7076.495, 7079.865, 7081.855, 7087.07, 7087.07, 7097.265, 7097.265, 7097.27, 7097.27, 7104.795, 7104.795, 7119.3, 7119.3, 7119.305, 7128.435, 7128.435, 7128.445, 7135.49, 7135.5, 7135.5, 7145.14]","['p_spike', 'p_spike', 'p_sw', 'p_spike', 'p_spike', 'p_sw', 'p_sw', 'p_spike', 'p_sw', 'p_sw', 'p_sw', 'p_sw', 'p_spike', 'p_spike', 'p_sw', 'p_sw', 'p_spike', 'p_spike', 'p_spike', 'p_spike', 'p_sw', 'p_spike', 'p_sw', 'p_spike', 'p_sw', 'p_spike', 'p_spike', 'p_spike', 'p_sw', 'p_spike', 'p_spike', 'p_spike', 'p_spike', 'p_sw', 'p_spike', 'p_spike', 'p_spike', 'p_sw', 'p_spike', 'p_sw', 'p_sw', 'p_sw', 'p_spike', 'p_spike', 'p_spike', 'p_spike', 'p_spike', 'p_sw', 'p_spike', 'p_sw', 'p_poly', 'p_sw', 'p_sw', 'p_spike', 'p_spike', 'p_spike', 'p_sw', 'p_sw', 'p_sw', 'p_sw', 'p_spike', 'p_spike', 'p_spike', 'p_spike', 'p_spike', 'p_spike', 'p_sw', 'p_poly', 'p_sw', 'p_sw', 'p_sw', 'p_spike', 'p_spike', 'p_spike', 'p_sw', 'p_sw', 'p_poly', 'p_spike', 'p_spike', 'p_sw', 'p_sw', 'p_spike', 'p_sw', 'p_spike', 'p_sw', 'p_sw', 'p_sw', 'p_spike', 'p_sw', 'p_spike', 'p_spike', 'p_poly', 'p_sw', 'p_poly', 'p_spike', 'p_spike', 'p_sw', 'p_sw', 'p_spike', 'p_sw', 'p_spike', 'p_spike', 'p_spike', 'p_sw', 'p_sw', 'p_spike', 'p_spike', 'p_sw', 'p_sw', 'p_sw', 'p_sw', 'p_sw', 'p_sw', 'p_sw', 'p_sw', 'p_spike', 'p_spike', 'p_spike', 'p_spike', 'p_spike', 'p_spike', 'p_sw', 'p_spike', 'p_sw', 'p_spike', 'p_sw', 'p_sw', 'p_sw', 'p_sw', 'p_sw', 'p_sw', 'p_sw', 'p_sw', 'p_poly', 'p_spike', 'p_sw', 'p_spike', 'p_sw', 'p_sw', 'p_spike', 'p_sw', 'p_spike', 'p_sw', 'p_spike', 'p_spike', 'p_sw', 'p_spike', 'p_sw', 'p_spike', 'p_sw', 'p_sw', 'p_spike', 'p_sw', 'p_spike', 'p_sw', 'p_spike', 'p_sw', 'p_spike', 'p_sw', 'p_spike', 'p_sw', 'p_sw', 'p_sw', 'p_sw', 'p_sw', 'p_sw', 'p_spike', 'p_sw', 'p_sw', 'p_sw', 'p_spike', 'p_sw', 'p_spike', 'p_spike', 'p_sw', 'p_sw', 'p_sw', 'p_sw', 'p_sw', 'p_spike', 'p_spike', 'p_sw', 'p_sw', 'p_sw', 'p_sw', 'p_sw', 'p_sw', 'p_sw', 'p_spike', 'p_spike', 'p_sw', 'p_spike', 'p_spike', 'p_sw', 'p_sw', 'p_sw', 'p_sw', 'p_sw', 'p_spike', 'p_spike', 'p_sw', 'p_sw', 'p_sw', 'p_spike', 'p_sw', 'p_sw', 'p_sw', 'p_sw', 'p_sw', 'p_sw', 'p_sw', 'p_spike', 'p_sw', 'p_sw', 'p_spike', 'p_sw', 'p_sw', 'p_sw', 'p_sw', 'p_spike', 'p_sw', 'p_spike', 'p_spike', 'p_sw', 'p_sw', 'p_sw', 'p_sw', 'p_spike', 'p_sw', 'p_spike', 'p_spike', 'p_spike', 'p_sw', 'p_spike', 'p_spike', 'p_spike', 'p_poly', 'p_sw', 'p_sw', 'p_spike', 'p_spike', 'p_spike', 'p_sw', 'p_spike', 'p_spike', 'p_spike', 'p_spike', 'p_sw', 'p_spike', 'p_spike', 'p_sw', 'p_sw', 'p_spike', 'p_sw', 'p_spike', 'p_sw', 'p_spike', 'p_spike', 'p_spike', 'p_spike', 'p_spike', 'p_spike', 'p_sw', 'p_sw', 'p_sw', 'p_sw', 'p_spike', 'p_sw', 'p_sw', 'p_sw', 'p_sw', 'p_sw', 'p_sw', 'p_spike', 'p_spike', 'p_sw', 'p_spike', 'p_sw', 'p_spike', 'p_spike', 'p_sw', 'p_sw', 'p_spike', 'p_sw', 'p_spike', 'p_spike', 'p_sw', 'p_spike', 'p_sw', 'p_sw', 'p_sw', 'p_spike', 'p_spike', 'p_sw', 'p_spike', 'p_sw', 'p_spike', 'p_sw', 'p_spike', 'p_spike', 'p_sw', 'p_spike', 'p_sw', 'p_sw', 'p_spike', 'p_spike', 'p_sw', 'p_sw', 'p_spike', 'p_sw', 'p_sw', 'p_poly', 'p_spike', 'p_sw', 'p_sw', 'p_spike', 'p_sw', 'p_sw', 'p_spike', 'p_sw', 'p_sw', 'p_sw', 'p_poly', 'p_spike', 'p_spike', 'p_spike', 'p_spike', 'p_spike', 'p_sw', 'p_sw', 'p_sw', 'p_sw', 'p_sw', 'p_spike', 'p_spike', 'p_spike', 'p_spike', 'p_spike', 'p_spike', 'p_sw', 'p_sw', 'p_sw', 'p_sw', 'p_sw', 'p_spike', 'p_spike', 'p_spike', 'p_spike', 'p_sw', 'p_sw', 'p_sw', 'p_spike', 'p_sw', 'p_spike', 'p_spike', 'p_spike', 'p_sw', 'p_sw', 'p_spike', 'p_sw', 'p_spike', 'p_sw', 'p_spike', 'p_spike', 'p_spike', 'p_spike', 'p_spike', 'p_spike', 'p_sw', 'p_sw', 'p_sw', 'p_sw', 'p_spike', 'p_sw', 'p_poly', 'p_spike', 'p_sw', 'p_spike', 'p_spike', 'p_spike', 'p_sw', 'p_spike', 'p_sw', 'p_sw', 'p_sw', 'p_spike', 'p_spike', 'p_sw', 'p_spike', 'p_sw', 'p_spike', 'p_spike', 'p_spike', 'p_spike', 'p_spike', 'p_spike', 'p_spike', 'p_spike', 'p_sw', 'p_spike', 'p_sw', 'p_sw', 'p_poly', 'p_spike', 'p_spike', 'p_spike', 'p_spike', 'p_spike', 'p_sw', 'p_spike', 'p_sw', 'p_spike', 'p_spike', 'p_poly', 'p_poly', 'p_sw', 'p_spike', 'p_sw', 'p_sw', 'p_poly', 'p_spike', 'p_spike', 'p_spike', 'p_spike', 'p_spike', 'p_sw', 'p_spike', 'p_sw', 'p_spike', 'p_sw', 'p_sw', 'p_sw', 'p_sw', 'p_sw', 'p_spike', 'p_poly', 'p_spike', 'p_sw', 'p_spike', 'p_sw', 'p_sw', 'p_sw', 'p_spike', 'p_spike', 'p_sw', 'p_sw', 'p_sw', 'p_spike', 'p_spike', 'p_spike', 'p_spike', 'p_spike', 'p_sw', 'p_sw', 'p_sw', 'p_spike', 'p_sw', 'p_spike', 'p_sw', 'p_sw', 'p_spike', 'p_spike', 'p_sw', 'p_sw', 'p_sw', 'p_spike', 'p_spike', 'p_sw', 'p_sw', 'p_sw', 'p_spike', 'p_sw', 'p_spike', 'p_spike', 'p_sw', 'p_spike', 'p_spike', 'p_sw', 'p_sw', 'p_sw', 'p_spike', 'p_spike', 'p_spike', 'p_spike', 'p_spike', 'p_sw', 'p_sw', 'p_sw', 'p_sw', 'p_sw', 'p_sw', 'p_spike', 'p_spike', 'p_sw', 'p_spike', 'p_sw', 'p_spike', 'p_sw', 'p_spike', 'p_spike', 'p_sw', 'p_sw', 'p_spike', 'p_spike', 'p_sw', 'p_sw', 'p_sw', 'p_poly', 'p_spike', 'p_spike', 'p_sw', 'p_sw', 'p_sw', 'p_poly', 'p_spike', 'p_sw', 'p_sw', 'p_spike', 'p_sw', 'p_spike', 'p_poly', 'p_spike', 'p_sw', 'p_spike', 'p_sw', 'p_sw', 'p_spike', 'p_poly', 'p_spike', 'p_sw', 'p_sw', 'p_poly', 'p_spike', 'p_sw', 'p_spike', 'p_spike', 'p_sw', 'p_sw', 'p_sw', 'p_sw', 'p_spike', 'p_spike', 'p_spike', 'p_sw', 'p_sw', 'p_spike', 'p_spike', 'p_sw', 'p_sw', 'p_sw', 'p_sw', 'p_sw', 'p_sw', 'p_sw', 'p_spike', 'p_poly', 'p_spike', 'p_sw', 'p_spike', 'p_poly', 'p_spike', 'p_sw', 'p_spike', 'p_spike', 'p_spike', 'p_sw', 'p_sw', 'p_spike', 'p_spike', 'p_spike', 'p_spike', 'p_spike', 'p_sw', 'p_sw', 'p_spike', 'p_sw', 'p_sw', 'p_sw', 'p_spike', 'p_sw', 'p_spike', 'p_spike', 'p_spike', 'p_sw', 'p_spike', 'p_sw', 'p_sw', 'p_sw', 'p_sw', 'p_spike', 'p_sw', 'p_sw', 'p_spike', 'p_sw', 'p_sw', 'p_spike', 'p_sw', 'p_poly', 'p_sw', 'p_spike', 'p_sw', 'p_sw', 'p_spike', 'p_sw', 'p_poly', 'p_sw', 'p_spike', 'p_spike', 'p_sw', 'p_spike', 'p_spike', 'p_sw', 'p_spike', 'p_sw', 'p_spike', 'p_spike', 'p_spike', 'p_spike', 'p_sw', 'p_spike', 'p_poly', 'p_spike', 'p_spike', 'p_spike', 'p_spike', 'p_spike', 'p_spike', 'p_sw', 'p_sw', 'p_spike', 'p_sw', 'p_sw', 'p_sw', 'p_spike', 'p_sw', 'p_spike', 'p_spike', 'p_spike', 'p_spike', 'p_spike', 'p_spike', 'p_spike', 'p_sw', 'p_sw', 'p_spike', 'p_sw', 'p_sw', 'p_spike', 'p_spike', 'p_sw', 'p_spike', 'p_sw', 'p_poly', 'p_sw', 'p_sw', 'p_sw', 'p_sw', 'p_sw', 'p_spike', 'p_spike', 'p_sw', 'p_spike', 'p_spike', 'p_sw', 'p_sw', 'p_spike', 'p_spike', 'p_spike', 'p_spike', 'p_spike', 'p_sw', 'p_spike', 'p_sw', 'p_poly', 'p_spike', 'p_sw']"
14,RA6-RA10,190,"[310.83, 444.875, 444.88, 465.975, 653.18, 790.83, 943.98, 1020.735, 1020.735, 1051.08, 1051.085, 1083.945, 1083.95, 1091.395, 1091.395, 1113.81, 1113.81, 1127.065, 1139.245, 1148.05, 1238.38, 1517.825, 1549.795, 1554.1, 1723.935, 1727.585, 1988.95, 2009.395, 2009.46, 2195.84, 2224.54, 2268.72, 2349.89, 2349.89, 2364.745, 2364.745, 2367.09, 2367.09, 2384.615, 2407.425, 2407.425, 2421.15, 2421.15, 2427.12, 2482.005, 2482.005, 2516.11, 2569.17, 2569.17, 2595.725, 2595.725, 2624.325, 2637.205, 2672.54, 2672.54, 2685.11, 2685.11, 2768.22, 2773.24, 2793.555, 2793.56, 2814.965, 2814.965, 2847.115, 2847.12, 2871.18, 2891.2, 2891.205, 2906.055, 2941.415, 2954.255, 2954.255, 2986.91, 2990.2, 3106.505, 3106.505, 3111.695, 3130.505, 3151.725, 3151.73, 3234.9, 3234.905, 3301.835, 3323.09, 3340.545, 3355.295, 3388.795, 3393.675, 3436.885, 3443.82, 3513.755, 3513.755, 3613.5, 3613.505, 3625.385, 3625.59, 3650.965, 3956.985, 4003.21, 4010.05, 4161.095, 4164.935, 4304.55, 4304.55, 4330.895, 4396.99, 4402.43, 4477.13, 4655.775, 4661.335, 4719.41, 4719.41, 4722.52, 4735.15, 4735.15, 4769.58, 4769.58, 4794.77, 4804.16, 4804.16, 4818.71, 4818.71, 4825.055, 4825.055, 4853.955, 4902.84, 4926.585, 4991.33, 5016.515, 5016.52, 5055.585, 5095.785, 5098.955, 5277.4, 5277.54, 5277.57, 5277.57, 5322.025, 5420.1, 5448.795, 5463.785, 5464.275, 5514.845, 5514.845, 5568.98, 5576.955, 5591.345, 5594.215, 5715.005, 5738.735, 5738.735, 5794.195, 5821.175, 5885.155, 5900.41, 5972.895, 5972.9, 5990.505, 6035.6, 6067.945, 6067.95, 6401.505, 6406.08, 6406.18, 6462.58, 6462.915, 6462.915, 6471.495, 6471.495, 6716.895, 6834.415, 6843.585, 6855.81, 6877.785, 6877.785, 6920.25, 6927.9, 6927.9, 6934.775, 6945.635, 6970.75, 6986.595, 6986.6, 7039.52, 7067.52, 7093.44, 7119.3, 7119.3, 7135.49, 7135.49]","['p_spike', 'p_spike', 'p_spike', 'p_spike', 'p_spike', 'p_spike', 'p_spike', 'p_spike', 'p_spike', 'p_sw', 'p_sw', 'p_spike', 'p_spike', 'p_sw', 'p_spike', 'p_sw', 'p_sw', 'p_sw', 'p_spike', 'p_spike', 'p_sw', 'p_spike', 'p_spike', 'p_sw', 'p_sw', 'p_spike', 'p_spike', 'p_sw', 'p_spike', 'p_spike', 'p_sw', 'p_sw', 'p_sw', 'p_sw', 'p_spike', 'p_spike', 'p_sw', 'p_sw', 'p_sw', 'p_spike', 'p_spike', 'p_spike', 'p_spike', 'p_sw', 'p_sw', 'p_sw', 'p_sw', 'p_sw', 'p_sw', 'p_spike', 'p_spike', 'p_sw', 'p_sw', 'p_sw', 'p_sw', 'p_sw', 'p_spike', 'p_spike', 'p_sw', 'p_spike', 'p_spike', 'p_sw', 'p_sw', 'p_spike', 'p_spike', 'p_sw', 'p_sw', 'p_sw', 'p_spike', 'p_sw', 'p_sw', 'p_sw', 'p_sw', 'p_spike', 'p_sw', 'p_spike', 'p_spike', 'p_sw', 'p_spike', 'p_spike', 'p_sw', 'p_sw', 'p_sw', 'p_sw', 'p_sw', 'p_spike', 'p_sw', 'p_spike', 'p_sw', 'p_sw', 'p_sw', 'p_spike', 'p_sw', 'p_spike', 'p_sw', 'p_spike', 'p_sw', 'p_spike', 'p_spike', 'p_sw', 'p_spike', 'p_spike', 'p_spike', 'p_spike', 'p_spike', 'p_spike', 'p_spike', 'p_sw', 'p_sw', 'p_spike', 'p_spike', 'p_spike', 'p_spike', 'p_sw', 'p_spike', 'p_sw', 'p_sw', 'p_sw', 'p_sw', 'p_sw', 'p_sw', 'p_sw', 'p_sw', 'p_sw', 'p_spike', 'p_sw', 'p_spike', 'p_spike', 'p_sw', 'p_sw', 'p_sw', 'p_spike', 'p_spike', 'p_sw', 'p_sw', 'p_spike', 'p_sw', 'p_spike', 'p_sw', 'p_spike', 'p_spike', 'p_poly', 'p_spike', 'p_spike', 'p_spike', 'p_sw', 'p_sw', 'p_sw', 'p_sw', 'p_sw', 'p_sw', 'p_sw', 'p_sw', 'p_sw', 'p_spike', 'p_sw', 'p_spike', 'p_sw', 'p_sw', 'p_sw', 'p_sw', 'p_spike', 'p_spike', 'p_sw', 'p_poly', 'p_sw', 'p_spike', 'p_sw', 'p_sw', 'p_spike', 'p_spike', 'p_sw', 'p_spike', 'p_sw', 'p_sw', 'p_spike', 'p_spike', 'p_spike', 'p_sw', 'p_spike', 'p_sw', 'p_spike', 'p_spike', 'p_spike', 'p_sw', 'p_spike', 'p_spike', 'p_spike', 'p_spike', 'p_spike']"
15,RA10-RA14,39,"[465.96, 652.755, 2009.39, 2991.635, 3507.93, 3513.755, 3513.755, 3513.755, 3613.285, 3613.285, 3613.5, 3625.395, 4304.55, 4304.55, 4304.55, 4402.435, 4449.38, 5095.77, 5098.96, 5237.175, 5277.57, 5464.325, 5572.805, 5686.83, 6105.065, 6288.31, 6306.51, 6336.595, 6395.355, 6447.79, 6462.91, 6462.91, 6507.32, 6508.39, 6509.745, 6522.915, 6533.95, 6621.31, 6637.46]","['p_sw', 'p_sw', 'p_sw', 'p_sw', 'p_sw', 'p_spike', 'p_sw', 'p_spike', 'p_sw', 'p_sw', 'p_sw', 'p_sw', 'p_spike', 'p_sw', 'p_spike', 'p_sw', 'p_sw', 'p_sw', 'p_sw', 'p_spike', 'p_sw', 'p_poly', 'p_sw', 'p_spike', 'p_sw', 'p_spike', 'p_sw', 'p_spike', 'p_sw', 'p_sw', 'p_spike', 'p_spike', 'p_sw', 'p_spike', 'p_sw', 'p_sw', 'p_poly', 'p_sw', 'p_sw']"
16,RH1-RH6,685,"[22.18, 44.165, 44.165, 44.165, 71.02, 71.025, 71.025, 71.05, 75.545, 75.545, 75.545, 118.235, 166.505, 166.745, 166.75, 170.535, 170.555, 287.03, 943.755, 943.77, 943.77, 943.975, 945.975, 945.98, 945.98, 945.995, 1003.355, 1003.355, 1003.36, 1019.745, 1020.735, 1020.74, 1020.74, 1028.05, 1051.085, 1051.085, 1051.09, 1058.265, 1061.405, 1076.565, 1076.565, 1083.95, 1083.95, 1083.955, 1091.395, 1091.395, 1091.4, 1091.405, 1095.01, 1095.035, 1107.33, 1113.815, 1113.815, 1113.82, 1127.055, 1127.06, 1127.065, 1128.42, 1128.44, 1138.2, 1138.205, 1142.965, 1142.97, 1142.97, 1145.91, 1145.91, 1145.925, 1148.025, 1148.045, 1159.12, 1159.125, 1159.125, 1159.145, 1333.455, 1333.46, 1380.6, 1380.6, 1380.6, 1380.62, 1414.285, 1414.295, 1414.295, 1414.3, 1454.34, 1454.365, 1517.82, 1517.825, 1517.825, 1517.835, 1549.79, 1549.795, 1549.81, 1554.1, 1554.105, 1554.11, 1674.97, 1674.98, 1722.585, 1723.94, 1723.94, 1723.94, 1724.275, 1727.585, 1727.59, 1727.595, 2195.84, 2195.845, 2195.845, 2224.54, 2224.54, 2224.545, 2225.075, 2268.67, 2268.67, 2268.725, 2268.725, 2284.485, 2284.49, 2294.825, 2316.83, 2316.83, 2325.595, 2335.915, 2340.57, 2349.89, 2349.895, 2349.895, 2364.74, 2364.745, 2364.75, 2364.755, 2367.075, 2367.08, 2367.085, 2384.62, 2384.62, 2384.625, 2407.425, 2407.43, 2407.435, 2421.15, 2421.15, 2421.155, 2427.095, 2427.115, 2427.12, 2427.12, 2437.375, 2473.995, 2482.005, 2482.01, 2482.01, 2482.015, 2485.515, 2504.405, 2516.105, 2516.11, 2516.115, 2516.115, 2524.06, 2524.07, 2530.185, 2536.13, 2536.13, 2569.17, 2569.175, 2569.175, 2569.685, 2595.725, 2595.73, 2595.735, 2601.375, 2601.395, 2605.56, 2605.575, 2605.59, 2614.32, 2614.32, 2614.32, 2614.32, 2624.33, 2624.33, 2632.4, 2632.405, 2637.19, 2637.19, 2666.015, 2672.535, 2672.54, 2672.545, 2672.55, 2677.485, 2685.11, 2685.115, 2710.345, 2710.36, 2710.37, 2710.37, 2734.635, 2766.27, 2766.375, 2768.21, 2768.215, 2768.22, 2768.225, 2773.245, 2773.245, 2773.25, 2791.1, 2793.55, 2793.56, 2793.56, 2793.565, 2795.36, 2795.38, 2814.965, 2814.965, 2814.97, 2814.975, 2847.11, 2847.115, 2847.12, 2847.125, 2871.18, 2871.185, 2871.19, 2891.195, 2891.2, 2891.205, 2891.21, 2906.05, 2906.055, 2906.055, 2906.06, 2924.71, 2924.71, 2924.715, 2932.71, 2932.71, 2941.405, 2941.415, 2941.415, 2941.425, 2952.635, 2952.645, 2954.25, 2954.26, 2954.26, 2954.27, 2973.525, 2973.525, 2973.525, 2982.875, 2986.92, 2986.925, 2990.125, 3003.16, 3010.35, 3010.355, 3029.495, 3029.515, 3029.52, 3029.52, 3037.685, 3037.685, 3055.16, 3055.165, 3055.17, 3058.21, 3061.57, 3063.71, 3063.715, 3087.395, 3087.4, 3087.4, 3106.505, 3106.505, 3106.51, 3106.515, 3111.695, 3111.7, 3113.96, 3113.965, 3113.965, 3125.54, 3130.515, 3139.075, 3151.725, 3151.73, 3151.73, 3151.74, 3166.855, 3166.86, 3198.08, 3212.005, 3212.01, 3225.645, 3225.68, 3225.68, 3234.9, 3234.905, 3234.905, 3234.915, 3291.44, 3293.065, 3301.81, 3301.815, 3301.825, 3301.835, 3314.21, 3314.245, 3317.37, 3323.05, 3323.31, 3328.7, 3328.705, 3328.705, 3339.115, 3339.13, 3339.13, 3339.135, 3340.52, 3340.54, 3340.545, 3340.545, 3353.16, 3355.29, 3355.3, 3372.635, 3372.64, 3372.64, 3372.645, 3374.505, 3388.8, 3388.8, 3388.8, 3397.71, 3404.355, 3404.365, 3404.39, 3423.415, 3436.885, 3436.89, 3436.89, 3436.895, 3443.805, 3443.81, 3457.085, 3513.755, 3513.755, 3513.755, 3613.27, 3613.87, 3625.6, 3710.705, 3710.73, 3807.69, 3807.69, 3807.69, 3807.71, 3880.83, 3880.83, 3880.835, 3881.335, 3899.045, 3912.02, 3912.025, 3956.985, 3956.985, 3956.99, 3957.0, 4003.2, 4003.205, 4003.205, 4010.045, 4010.05, 4010.05, 4010.06, 4015.61, 4015.625, 4046.16, 4161.105, 4161.105, 4161.11, 4161.565, 4164.915, 4164.915, 4164.92, 4164.94, 4304.255, 4304.555, 4579.72959375, 4579.765, 4608.515, 4608.515, 4608.515, 4608.52, 4613.16, 4623.02, 4623.02, 4623.025, 4655.775, 4655.775, 4655.78, 4661.34, 4661.345, 4661.345, 4665.025, 4665.035, 4665.04, 4665.04, 4685.605, 4685.61, 4685.61, 4688.995, 4702.815, 4719.395, 4719.4, 4719.41, 4719.42, 4722.525, 4722.53, 4722.53, 4722.53, 4735.145, 4735.15, 4735.155, 4735.16, 4745.52, 4757.335, 4769.575, 4769.585, 4769.585, 4769.59, 4778.985, 4794.775, 4794.78, 4797.735, 4797.75, 4797.75, 4804.155, 4804.165, 4804.165, 4804.17, 4818.715, 4818.715, 4818.72, 4825.06, 4825.065, 4853.95, 4853.955, 4853.955, 4853.96, 4871.545, 4871.55, 4871.55, 4902.1, 4902.845, 4902.85, 4903.935, 4903.955, 4914.13, 4926.585, 4926.59, 4926.59, 4936.86, 4991.325, 4991.33, 4991.33, 4991.335, 4995.59, 4995.595, 4995.605, 4995.61, 4997.785, 4997.79, 4997.79, 4997.79, 5016.515, 5016.52, 5016.525, 5016.525, 5018.415, 5018.42, 5055.58, 5055.58, 5055.59, 5055.595, 5060.2, 5420.08, 5420.1, 5420.1, 5557.135, 5557.145, 5568.98, 5568.99, 5568.99, 5569.005, 5571.945, 5576.955, 5576.955, 5576.955, 5577.33, 5694.45, 5696.985, 5705.045, 5705.045, 5705.045, 5705.06, 5715.005, 5715.03, 5738.73, 5738.735, 5738.735, 5738.74, 5744.495, 5744.52, 5754.18, 5754.215, 5760.49, 5773.165, 5773.165, 5773.165, 5773.235, 5790.365, 5794.195, 5794.195, 5794.205, 5794.205, 5805.78, 5821.175, 5821.18, 5821.18, 5829.385, 5829.39, 5829.395, 5829.4, 5836.69, 5836.695, 5836.695, 5836.7, 5839.11, 5839.11, 5839.115, 5846.28, 5846.285, 5885.15, 5885.15, 5885.155, 5885.165, 5895.585, 5900.41, 5900.415, 5900.415, 5900.42, 5923.4, 5924.645, 5928.54, 5928.545, 5928.545, 5950.3, 5950.305, 5950.31, 5972.895, 5972.9, 5972.9, 5972.905, 5978.515, 5978.52, 5978.525, 5985.825, 5985.84, 5990.505, 5990.515, 5995.05, 5995.07, 5995.075, 6035.6, 6035.6, 6035.6, 6035.605, 6067.94, 6067.945, 6067.95, 6067.955, 6072.195, 6072.2, 6072.2, 6072.2, 6462.58, 6462.93, 6716.92, 6716.92, 6761.56, 6761.56, 6780.53, 6781.83, 6781.845, 6781.845, 6781.85, 6786.845, 6786.855, 6814.815, 6834.41, 6834.415, 6834.42, 6834.43, 6843.605, 6845.095, 6845.115, 6855.81, 6855.81, 6855.815, 6877.78, 6877.785, 6877.785, 6877.79, 6886.605, 6886.62, 6887.52, 6920.24, 6920.25, 6920.25, 6920.255, 6924.5, 6924.505, 6924.685, 6927.9, 6927.905, 6927.91, 6934.78, 6934.785, 6940.92, 6940.945, 6945.635, 6945.635, 6945.64, 6959.225, 6968.685, 6968.69, 6970.75, 6970.755, 6970.755, 6970.76, 6976.175, 6986.595, 6986.6, 6986.6, 6986.61, 7011.13, 7011.13, 7012.39, 7023.015, 7039.515, 7039.525, 7039.525, 7039.53, 7042.66, 7045.98, 7067.52, 7067.525, 7067.525, 7069.505, 7071.66, 7076.455, 7076.49, 7092.155, 7093.435, 7093.435, 7097.275, 7097.28, 7097.28, 7097.285, 7104.795, 7104.8, 7104.805, 7104.805, 7119.295, 7119.3, 7119.3, 7119.31, 7135.485, 7135.49, 7135.495, 7135.5]","['p_sw', 'p_sw', 'p_spike', 'p_sw', 'p_sw', 'p_sw', 'p_sw', 'p_spike', 'p_sw', 'p_spike', 'p_spike', 'p_spike', 'p_sw', 'p_sw', 'p_spike', 'p_spike', 'p_spike', 'p_spike', 'p_sw', 'p_sw', 'p_sw', 'p_spike', 'p_sw', 'p_spike', 'p_sw', 'p_spike', 'p_sw', 'p_spike', 'p_spike', 'p_spike', 'p_sw', 'p_spike', 'p_sw', 'p_sw', 'p_spike', 'p_sw', 'p_spike', 'p_sw', 'p_poly', 'p_sw', 'p_sw', 'p_spike', 'p_spike', 'p_spike', 'p_spike', 'p_sw', 'p_spike', 'p_sw', 'p_spike', 'p_sw', 'p_sw', 'p_sw', 'p_sw', 'p_sw', 'p_sw', 'p_sw', 'p_sw', 'p_spike', 'p_sw', 'p_sw', 'p_sw', 'p_spike', 'p_sw', 'p_poly', 'p_spike', 'p_sw', 'p_spike', 'p_spike', 'p_spike', 'p_sw', 'p_sw', 'p_spike', 'p_spike', 'p_sw', 'p_spike', 'p_spike', 'p_spike', 'p_sw', 'p_spike', 'p_spike', 'p_sw', 'p_sw', 'p_spike', 'p_sw', 'p_sw', 'p_spike', 'p_sw', 'p_spike', 'p_spike', 'p_spike', 'p_spike', 'p_spike', 'p_spike', 'p_spike', 'p_sw', 'p_spike', 'p_sw', 'p_sw', 'p_spike', 'p_sw', 'p_sw', 'p_sw', 'p_spike', 'p_spike', 'p_spike', 'p_spike', 'p_spike', 'p_spike', 'p_spike', 'p_sw', 'p_sw', 'p_sw', 'p_sw', 'p_poly', 'p_sw', 'p_sw', 'p_sw', 'p_spike', 'p_sw', 'p_spike', 'p_spike', 'p_sw', 'p_sw', 'p_spike', 'p_sw', 'p_sw', 'p_sw', 'p_spike', 'p_sw', 'p_sw', 'p_sw', 'p_spike', 'p_sw', 'p_sw', 'p_sw', 'p_spike', 'p_spike', 'p_spike', 'p_sw', 'p_sw', 'p_spike', 'p_spike', 'p_spike', 'p_sw', 'p_sw', 'p_sw', 'p_spike', 'p_spike', 'p_sw', 'p_spike', 'p_sw', 'p_sw', 'p_sw', 'p_sw', 'p_spike', 'p_spike', 'p_sw', 'p_spike', 'p_spike', 'p_sw', 'p_sw', 'p_sw', 'p_spike', 'p_spike', 'p_sw', 'p_sw', 'p_sw', 'p_sw', 'p_sw', 'p_sw', 'p_spike', 'p_sw', 'p_spike', 'p_spike', 'p_spike', 'p_spike', 'p_spike', 'p_spike', 'p_spike', 'p_sw', 'p_spike', 'p_sw', 'p_spike', 'p_sw', 'p_poly', 'p_sw', 'p_sw', 'p_spike', 'p_spike', 'p_spike', 'p_spike', 'p_spike', 'p_sw', 'p_sw', 'p_sw', 'p_sw', 'p_sw', 'p_sw', 'p_sw', 'p_poly', 'p_sw', 'p_spike', 'p_spike', 'p_spike', 'p_spike', 'p_sw', 'p_sw', 'p_spike', 'p_poly', 'p_spike', 'p_spike', 'p_spike', 'p_spike', 'p_poly', 'p_sw', 'p_spike', 'p_sw', 'p_sw', 'p_sw', 'p_spike', 'p_spike', 'p_sw', 'p_spike', 'p_sw', 'p_sw', 'p_spike', 'p_spike', 'p_sw', 'p_sw', 'p_sw', 'p_spike', 'p_spike', 'p_spike', 'p_spike', 'p_sw', 'p_sw', 'p_spike', 'p_sw', 'p_spike', 'p_spike', 'p_sw', 'p_sw', 'p_spike', 'p_sw', 'p_spike', 'p_sw', 'p_sw', 'p_sw', 'p_spike', 'p_spike', 'p_sw', 'p_sw', 'p_sw', 'p_spike', 'p_spike', 'p_sw', 'p_spike', 'p_spike', 'p_spike', 'p_spike', 'p_sw', 'p_spike', 'p_spike', 'p_sw', 'p_spike', 'p_spike', 'p_spike', 'p_spike', 'p_sw', 'p_sw', 'p_spike', 'p_spike', 'p_sw', 'p_sw', 'p_spike', 'p_spike', 'p_sw', 'p_spike', 'p_sw', 'p_sw', 'p_sw', 'p_sw', 'p_spike', 'p_sw', 'p_sw', 'p_sw', 'p_sw', 'p_spike', 'p_sw', 'p_spike', 'p_sw', 'p_sw', 'p_sw', 'p_sw', 'p_sw', 'p_sw', 'p_sw', 'p_sw', 'p_sw', 'p_spike', 'p_sw', 'p_sw', 'p_sw', 'p_spike', 'p_sw', 'p_sw', 'p_sw', 'p_sw', 'p_sw', 'p_sw', 'p_spike', 'p_spike', 'p_sw', 'p_sw', 'p_spike', 'p_sw', 'p_sw', 'p_sw', 'p_spike', 'p_spike', 'p_spike', 'p_sw', 'p_sw', 'p_sw', 'p_sw', 'p_spike', 'p_spike', 'p_spike', 'p_spike', 'p_sw', 'p_spike', 'p_spike', 'p_spike', 'p_sw', 'p_sw', 'p_spike', 'p_sw', 'p_sw', 'p_sw', 'p_spike', 'p_sw', 'p_spike', 'p_sw', 'p_spike', 'p_sw', 'p_spike', 'p_sw', 'p_sw', 'p_spike', 'p_sw', 'p_sw', 'p_sw', 'p_sw', 'p_spike', 'p_sw', 'p_spike', 'p_spike', 'p_spike', 'p_spike', 'p_spike', 'p_spike', 'p_spike', 'p_spike', 'p_spike', 'p_sw', 'p_sw', 'p_sw', 'p_spike', 'p_spike', 'p_spike', 'p_spike', 'p_spike', 'p_spike', 'p_spike', 'p_spike', 'p_spike', 'p_spike', 'p_spike', 'p_spike', 'p_spike', 'p_sw', 'p_spike', 'p_sw', 'p_sw', 'p_spike', 'p_sw', 'p_sw', 'p_spike', 'p_spike', 'p_spike', 'p_sw', 'p_poly', 'p_spike', 'p_spike', 'p_spike', 'p_spike', 'p_sw', 'p_sw', 'p_sw', 'p_spike', 'p_sw', 'p_spike', 'p_sw', 'p_spike', 'p_spike', 'p_spike', 'p_sw', 'p_spike', 'p_sw', 'p_sw', 'p_spike', 'p_sw', 'p_sw', 'p_sw', 'p_spike', 'p_sw', 'p_spike', 'p_spike', 'p_spike', 'p_spike', 'p_spike', 'p_poly', 'p_spike', 'p_sw', 'p_spike', 'p_spike', 'p_sw', 'p_sw', 'p_sw', 'p_sw', 'p_sw', 'p_sw', 'p_sw', 'p_spike', 'p_sw', 'p_sw', 'p_sw', 'p_sw', 'p_spike', 'p_spike', 'p_spike', 'p_sw', 'p_sw', 'p_sw', 'p_sw', 'p_sw', 'p_sw', 'p_sw', 'p_sw', 'p_spike', 'p_spike', 'p_spike', 'p_spike', 'p_sw', 'p_sw', 'p_sw', 'p_sw', 'p_spike', 'p_spike', 'p_sw', 'p_sw', 'p_sw', 'p_spike', 'p_spike', 'p_spike', 'p_spike', 'p_spike', 'p_spike', 'p_spike', 'p_spike', 'p_spike', 'p_spike', 'p_spike', 'p_spike', 'p_spike', 'p_spike', 'p_spike', 'p_spike', 'p_spike', 'p_spike', 'p_spike', 'p_spike', 'p_sw', 'p_sw', 'p_spike', 'p_sw', 'p_spike', 'p_spike', 'p_sw', 'p_spike', 'p_sw', 'p_spike', 'p_spike', 'p_sw', 'p_spike', 'p_sw', 'p_sw', 'p_sw', 'p_sw', 'p_spike', 'p_spike', 'p_spike', 'p_sw', 'p_sw', 'p_sw', 'p_spike', 'p_spike', 'p_spike', 'p_spike', 'p_poly', 'p_sw', 'p_spike', 'p_sw', 'p_sw', 'p_sw', 'p_spike', 'p_sw', 'p_sw', 'p_spike', 'p_sw', 'p_poly', 'p_poly', 'p_poly', 'p_sw', 'p_sw', 'p_sw', 'p_sw', 'p_spike', 'p_spike', 'p_sw', 'p_sw', 'p_spike', 'p_sw', 'p_spike', 'p_spike', 'p_spike', 'p_spike', 'p_sw', 'p_sw', 'p_sw', 'p_sw', 'p_sw', 'p_sw', 'p_sw', 'p_sw', 'p_spike', 'p_spike', 'p_spike', 'p_spike', 'p_sw', 'p_spike', 'p_spike', 'p_spike', 'p_spike', 'p_spike', 'p_sw', 'p_spike', 'p_spike', 'p_sw', 'p_spike', 'p_sw', 'p_sw', 'p_sw', 'p_spike', 'p_spike', 'p_spike', 'p_spike', 'p_spike', 'p_spike', 'p_spike', 'p_poly', 'p_spike', 'p_spike', 'p_spike', 'p_sw', 'p_sw', 'p_spike', 'p_sw', 'p_spike', 'p_sw', 'p_sw', 'p_spike', 'p_spike', 'p_spike', 'p_spike', 'p_sw', 'p_spike', 'p_spike', 'p_spike', 'p_spike', 'p_poly', 'p_sw', 'p_sw', 'p_sw', 'p_spike', 'p_sw', 'p_sw', 'p_spike', 'p_spike', 'p_spike', 'p_spike', 'p_sw', 'p_spike', 'p_spike', 'p_spike', 'p_spike', 'p_spike', 'p_spike', 'p_sw', 'p_sw', 'p_spike', 'p_sw', 'p_spike', 'p_spike', 'p_sw', 'p_sw', 'p_sw', 'p_sw', 'p_sw', 'p_spike', 'p_spike', 'p_sw', 'p_sw', 'p_sw', 'p_sw', 'p_sw', 'p_spike', 'p_spike', 'p_spike', 'p_spike', 'p_sw', 'p_sw', 'p_spike', 'p_spike', 'p_sw', 'p_sw', 'p_sw', 'p_sw', 'p_spike', 'p_spike', 'p_spike', 'p_spike', 'p_sw', 'p_spike', 'p_sw', 'p_spike', 'p_spike', 'p_spike', 'p_spike', 'p_spike', 'p_spike', 'p_sw', 'p_sw', 'p_spike', 'p_sw', 'p_sw', 'p_sw', 'p_sw', 'p_sw', 'p_sw', 'p_spike', 'p_sw', 'p_sw', 'p_spike', 'p_sw', 'p_sw', 'p_sw', 'p_spike', 'p_spike', 'p_sw', 'p_spike', 'p_spike', 'p_sw', 'p_spike', 'p_sw', 'p_spike', 'p_sw', 'p_spike', 'p_spike', 'p_spike', 'p_spike', 'p_spike', 'p_spike', 'p_sw', 'p_spike']"
17,RH6-RH10,80,"[758.56, 758.565, 1020.735, 1051.085, 1076.565, 1083.945, 1113.815, 1240.82, 1240.835, 1241.885, 1414.295, 1549.795, 1554.105, 1554.105, 2224.54, 2364.745, 2407.43, 2421.15, 2482.01, 2516.11, 2569.17, 2672.54, 2672.54, 2793.555, 2793.555, 2814.965, 2847.115, 2891.2, 2906.055, 2941.415, 2954.26, 3111.695, 3151.73, 3234.905, 3234.905, 3513.755, 3513.755, 3613.895, 3623.07, 3625.395, 3880.835, 4003.205, 4164.92, 4304.55, 4330.915, 4655.775, 4661.345, 4769.585, 4991.33, 4991.33, 5016.52, 5055.585, 5120.735, 5188.805, 5188.81, 5454.32, 5463.235, 5463.25, 5463.255, 5705.045, 5738.735, 5885.15, 5900.415, 5972.9, 5972.9, 6072.2, 6462.475, 6462.58, 6462.92, 6462.92, 6487.965, 6834.415, 6877.785, 6877.785, 6924.5, 6927.9, 6986.6, 7067.52, 7104.8, 7119.3]","['p_spike', 'p_sw', 'p_sw', 'p_sw', 'p_spike', 'p_sw', 'p_spike', 'p_sw', 'p_sw', 'p_sw', 'p_sw', 'p_spike', 'p_sw', 'p_spike', 'p_sw', 'p_sw', 'p_sw', 'p_spike', 'p_sw', 'p_sw', 'p_sw', 'p_sw', 'p_sw', 'p_sw', 'p_sw', 'p_spike', 'p_sw', 'p_sw', 'p_spike', 'p_sw', 'p_sw', 'p_sw', 'p_spike', 'p_sw', 'p_spike', 'p_spike', 'p_sw', 'p_sw', 'p_sw', 'p_sw', 'p_sw', 'p_sw', 'p_sw', 'p_spike', 'p_spike', 'p_sw', 'p_sw', 'p_sw', 'p_sw', 'p_spike', 'p_spike', 'p_sw', 'p_sw', 'p_sw', 'p_sw', 'p_spike', 'p_sw', 'p_spike', 'p_sw', 'p_sw', 'p_sw', 'p_spike', 'p_spike', 'p_sw', 'p_sw', 'p_spike', 'p_spike', 'p_spike', 'p_spike', 'p_spike', 'p_sw', 'p_sw', 'p_sw', 'p_spike', 'p_sw', 'p_spike', 'p_spike', 'p_sw', 'p_sw', 'p_spike']"
18,RH10-RH14,48,"[312.39, 652.75, 1754.27, 1977.725, 3513.755, 3513.755, 3613.495, 3613.5, 3623.125, 3625.59, 4063.72, 4304.545, 4304.545, 4304.55, 4328.625, 4330.92, 4408.755, 4417.265, 4477.135, 4550.835, 5119.93, 5119.935, 5188.845, 5325.51, 5454.315, 5454.64, 5463.24, 5464.37, 5590.13, 6109.7, 6127.195, 6131.605, 6218.06, 6406.165, 6418.69, 6440.705, 6447.67, 6462.445, 6462.505, 6462.575, 6462.915, 6471.205, 6471.475, 6487.985, 6493.655, 6522.915, 6578.86, 6614.905]","['p_sw', 'p_spike', 'p_sw', 'p_poly', 'p_sw', 'p_sw', 'p_spike', 'p_sw', 'p_spike', 'p_sw', 'p_spike', 'p_sw', 'p_sw', 'p_sw', 'p_sw', 'p_spike', 'p_poly', 'p_spike', 'p_spike', 'p_sw', 'p_spike', 'p_sw', 'p_sw', 'p_sw', 'p_sw', 'p_sw', 'p_sw', 'p_sw', 'p_sw', 'p_sw', 'p_sw', 'p_sw', 'p_sw', 'p_sw', 'p_spike', 'p_sw', 'p_sw', 'p_poly', 'p_spike', 'p_spike', 'p_spike', 'p_sw', 'p_poly', 'p_sw', 'p_poly', 'p_sw', 'p_sw', 'p_sw']"
19,RP1-RP6,514,"[44.175, 71.31, 75.56, 166.74, 170.275, 170.52, 292.335, 386.705, 390.51, 647.58, 652.77, 934.815, 934.815, 943.75, 943.945, 996.655, 996.655, 1020.75, 1020.755, 1020.755, 1051.1, 1051.105, 1058.27, 1058.275, 1076.585, 1076.595, 1083.96, 1083.965, 1083.97, 1091.415, 1091.42, 1095.035, 1107.355, 1113.825, 1113.835, 1128.935, 1142.965, 1145.905, 1146.495, 1148.07, 1238.185, 1238.255, 1240.935, 1325.515, 1333.44, 1380.61, 1414.305, 1414.31, 1414.31, 1447.79, 1447.95, 1517.82, 1517.825, 1517.825, 1517.83, 1549.805, 1549.805, 1549.805, 1549.805, 1554.1, 1554.105, 1554.105, 1554.105, 1722.585, 1724.245, 1727.59, 1727.59, 1727.59, 1727.59, 1967.565, 1999.605, 1999.615, 2195.485, 2195.845, 2195.85, 2195.85, 2200.505, 2224.555, 2224.56, 2268.73, 2268.735, 2284.48, 2294.845, 2316.835, 2316.835, 2316.86, 2325.61, 2349.91, 2350.19, 2361.425, 2364.76, 2364.765, 2364.765, 2367.075, 2384.635, 2384.635, 2407.44, 2407.445, 2407.445, 2421.17, 2421.67, 2427.095, 2474.0, 2482.025, 2482.03, 2504.405, 2516.125, 2516.13, 2524.055, 2524.275, 2524.275, 2529.76, 2536.555, 2569.185, 2569.19, 2569.19, 2581.805, 2595.735, 2595.74, 2595.745, 2601.37, 2605.55, 2614.33, 2614.33, 2625.665, 2625.665, 2632.44, 2632.9, 2632.9, 2637.195, 2637.305, 2642.525, 2642.53, 2672.56, 2710.54, 2726.795, 2726.8, 2734.055, 2734.64, 2758.48, 2766.365, 2766.475, 2768.22, 2768.22, 2768.23, 2768.235, 2771.915, 2773.25, 2773.255, 2773.255, 2786.975, 2787.085, 2787.085, 2787.085, 2793.575, 2793.58, 2795.83, 2814.985, 2814.99, 2847.13, 2847.13, 2847.135, 2871.2, 2871.205, 2883.235, 2888.27, 2891.215, 2891.22, 2906.07, 2906.075, 2908.96, 2908.96, 2924.72, 2924.72, 2924.725, 2927.41, 2927.72, 2927.72, 2932.71, 2941.43, 2941.435, 2952.645, 2953.09, 2954.27, 2954.27, 2954.275, 2971.73, 2971.965, 2973.54, 2982.78, 2982.895, 2986.93, 2987.4, 2989.645, 2990.17, 3010.34, 3010.34, 3029.495, 3037.69, 3047.69, 3055.17, 3055.17, 3055.19, 3061.55, 3063.7, 3079.61, 3087.405, 3087.415, 3088.86, 3099.375, 3106.52, 3106.525, 3106.525, 3111.71, 3111.715, 3111.715, 3113.955, 3130.555, 3130.63, 3139.295, 3151.745, 3151.745, 3198.05, 3211.995, 3225.48, 3225.645, 3234.925, 3234.93, 3238.415, 3238.435, 3257.66, 3259.625, 3265.415, 3293.06, 3301.805, 3301.815, 3301.815, 3314.2, 3314.245, 3317.36, 3323.06, 3328.7, 3339.13, 3339.13, 3339.13, 3339.15, 3340.53, 3353.16, 3355.3, 3355.305, 3355.315, 3372.65, 3372.655, 3372.655, 3374.5, 3384.09, 3384.23, 3384.23, 3397.725, 3404.345, 3423.42, 3436.905, 3443.795, 3456.5, 3456.5, 3489.555, 3489.665, 3513.755, 3513.755, 3513.755, 3614.005, 3625.595, 3631.31, 3710.75, 3807.695, 3807.695, 3807.7, 3880.84, 3880.84, 3880.84, 3888.92, 3888.92, 3889.22, 3912.395, 3956.99, 3956.995, 3956.995, 3956.995, 4003.21, 4003.21, 4003.215, 4010.05, 4010.055, 4010.055, 4010.055, 4104.56, 4161.1, 4161.105, 4161.105, 4161.51, 4164.93, 4164.93, 4164.935, 4304.245, 4304.555, 4328.645, 4400.5, 4453.395, 4579.7413125, 4608.51, 4608.515, 4608.515, 4623.025, 4623.025, 4623.025, 4623.04, 4655.79, 4655.79, 4661.335, 4661.34, 4661.345, 4665.03, 4685.61, 4688.985, 4719.405, 4719.41, 4722.52, 4722.53, 4735.165, 4735.17, 4735.17, 4769.59, 4769.6, 4769.6, 4778.995, 4794.785, 4797.775, 4804.175, 4804.175, 4804.18, 4818.725, 4818.725, 4818.725, 4818.73, 4825.065, 4825.07, 4825.075, 4853.97, 4853.975, 4853.975, 4871.56, 4902.85, 4902.85, 4918.28, 4926.595, 4926.595, 4926.615, 4936.84, 4936.95, 4971.17, 4981.65, 4981.99, 4991.345, 4991.35, 4995.58, 4995.585, 4997.8, 4997.81, 5016.525, 5016.525, 5016.535, 5016.545, 5018.405, 5031.94, 5056.145, 5060.265, 5060.365, 5060.365, 5188.825, 5237.665, 5326.015, 5326.015, 5355.265, 5454.3, 5464.365, 5464.365, 5557.13, 5576.965, 5576.965, 5577.35, 5693.395, 5697.0, 5705.05, 5705.05, 5705.05, 5705.055, 5715.02, 5738.75, 5738.75, 5738.755, 5754.195, 5754.605, 5760.235, 5760.455, 5773.165, 5774.245, 5794.205, 5794.215, 5794.215, 5821.185, 5829.41, 5829.41, 5829.845, 5836.695, 5836.705, 5839.12, 5839.125, 5839.125, 5846.76, 5885.155, 5885.16, 5885.16, 5885.16, 5900.43, 5900.435, 5928.87, 5954.325, 5972.91, 5972.915, 5972.915, 5978.515, 5985.825, 5990.51, 5990.51, 5990.52, 5995.085, 6035.61, 6067.955, 6067.955, 6067.965, 6072.215, 6072.22, 6131.565, 6381.91, 6400.2, 6406.135, 6462.58, 6462.58, 6462.915, 6462.93, 6471.32, 6716.91, 6742.68, 6781.85, 6781.85, 6781.855, 6786.835, 6834.42, 6834.425, 6834.425, 6834.425, 6845.135, 6845.135, 6855.825, 6855.83, 6855.83, 6877.8, 6877.805, 6920.26, 6920.265, 6920.265, 6920.265, 6924.5, 6924.5, 6925.0, 6927.915, 6927.92, 6927.92, 6934.78, 6934.785, 6934.79, 6940.95, 6945.645, 6945.65, 6959.09, 6968.115, 6970.77, 6970.775, 6986.615, 6986.615, 7011.13, 7011.135, 7011.15, 7039.535, 7039.54, 7039.54, 7039.54, 7045.96, 7067.535, 7067.54, 7067.54, 7067.54, 7093.415, 7097.28, 7097.28, 7104.815, 7104.82, 7104.82, 7119.315, 7119.325, 7123.285, 7128.45, 7135.51, 7135.515]","['p_poly', 'p_sw', 'p_poly', 'p_spike', 'p_sw', 'p_sw', 'p_sw', 'p_spike', 'p_sw', 'p_sw', 'p_spike', 'p_sw', 'p_sw', 'p_sw', 'p_sw', 'p_poly', 'p_spike', 'p_spike', 'p_spike', 'p_poly', 'p_sw', 'p_sw', 'p_sw', 'p_sw', 'p_spike', 'p_spike', 'p_sw', 'p_spike', 'p_sw', 'p_sw', 'p_sw', 'p_spike', 'p_spike', 'p_spike', 'p_spike', 'p_poly', 'p_sw', 'p_poly', 'p_spike', 'p_sw', 'p_spike', 'p_sw', 'p_sw', 'p_sw', 'p_sw', 'p_spike', 'p_spike', 'p_spike', 'p_spike', 'p_sw', 'p_poly', 'p_spike', 'p_spike', 'p_sw', 'p_sw', 'p_spike', 'p_spike', 'p_spike', 'p_spike', 'p_spike', 'p_spike', 'p_sw', 'p_sw', 'p_sw', 'p_sw', 'p_spike', 'p_sw', 'p_spike', 'p_sw', 'p_sw', 'p_sw', 'p_spike', 'p_spike', 'p_spike', 'p_sw', 'p_spike', 'p_spike', 'p_sw', 'p_spike', 'p_spike', 'p_spike', 'p_poly', 'p_spike', 'p_sw', 'p_sw', 'p_spike', 'p_sw', 'p_sw', 'p_sw', 'p_sw', 'p_spike', 'p_spike', 'p_sw', 'p_poly', 'p_spike', 'p_spike', 'p_spike', 'p_spike', 'p_spike', 'p_spike', 'p_spike', 'p_poly', 'p_spike', 'p_sw', 'p_spike', 'p_spike', 'p_sw', 'p_spike', 'p_sw', 'p_spike', 'p_spike', 'p_sw', 'p_sw', 'p_sw', 'p_sw', 'p_sw', 'p_spike', 'p_spike', 'p_sw', 'p_spike', 'p_poly', 'p_poly', 'p_spike', 'p_sw', 'p_spike', 'p_spike', 'p_spike', 'p_poly', 'p_sw', 'p_sw', 'p_spike', 'p_sw', 'p_sw', 'p_sw', 'p_sw', 'p_sw', 'p_spike', 'p_sw', 'p_sw', 'p_sw', 'p_poly', 'p_spike', 'p_spike', 'p_sw', 'p_spike', 'p_spike', 'p_sw', 'p_spike', 'p_sw', 'p_sw', 'p_poly', 'p_sw', 'p_spike', 'p_spike', 'p_spike', 'p_spike', 'p_sw', 'p_sw', 'p_spike', 'p_spike', 'p_sw', 'p_spike', 'p_spike', 'p_spike', 'p_spike', 'p_spike', 'p_sw', 'p_spike', 'p_spike', 'p_spike', 'p_sw', 'p_sw', 'p_spike', 'p_sw', 'p_sw', 'p_sw', 'p_sw', 'p_spike', 'p_spike', 'p_spike', 'p_spike', 'p_spike', 'p_sw', 'p_sw', 'p_spike', 'p_sw', 'p_sw', 'p_spike', 'p_spike', 'p_sw', 'p_sw', 'p_sw', 'p_sw', 'p_spike', 'p_sw', 'p_spike', 'p_spike', 'p_poly', 'p_sw', 'p_spike', 'p_spike', 'p_sw', 'p_spike', 'p_sw', 'p_sw', 'p_sw', 'p_sw', 'p_sw', 'p_sw', 'p_spike', 'p_spike', 'p_sw', 'p_sw', 'p_spike', 'p_spike', 'p_sw', 'p_sw', 'p_sw', 'p_sw', 'p_spike', 'p_poly', 'p_sw', 'p_sw', 'p_spike', 'p_sw', 'p_sw', 'p_spike', 'p_spike', 'p_spike', 'p_spike', 'p_sw', 'p_sw', 'p_sw', 'p_spike', 'p_sw', 'p_sw', 'p_sw', 'p_spike', 'p_spike', 'p_spike', 'p_sw', 'p_sw', 'p_spike', 'p_spike', 'p_spike', 'p_spike', 'p_poly', 'p_spike', 'p_spike', 'p_poly', 'p_sw', 'p_spike', 'p_poly', 'p_spike', 'p_sw', 'p_sw', 'p_sw', 'p_sw', 'p_sw', 'p_sw', 'p_sw', 'p_sw', 'p_sw', 'p_spike', 'p_spike', 'p_sw', 'p_spike', 'p_spike', 'p_poly', 'p_sw', 'p_spike', 'p_sw', 'p_sw', 'p_sw', 'p_spike', 'p_spike', 'p_sw', 'p_spike', 'p_spike', 'p_spike', 'p_spike', 'p_poly', 'p_spike', 'p_sw', 'p_spike', 'p_spike', 'p_spike', 'p_poly', 'p_sw', 'p_sw', 'p_sw', 'p_spike', 'p_spike', 'p_sw', 'p_sw', 'p_sw', 'p_spike', 'p_spike', 'p_sw', 'p_sw', 'p_sw', 'p_sw', 'p_spike', 'p_spike', 'p_spike', 'p_sw', 'p_spike', 'p_sw', 'p_sw', 'p_sw', 'p_spike', 'p_sw', 'p_spike', 'p_spike', 'p_spike', 'p_spike', 'p_sw', 'p_sw', 'p_spike', 'p_spike', 'p_sw', 'p_sw', 'p_sw', 'p_sw', 'p_spike', 'p_spike', 'p_spike', 'p_spike', 'p_sw', 'p_spike', 'p_sw', 'p_spike', 'p_sw', 'p_sw', 'p_sw', 'p_spike', 'p_spike', 'p_sw', 'p_poly', 'p_spike', 'p_sw', 'p_spike', 'p_sw', 'p_spike', 'p_spike', 'p_sw', 'p_sw', 'p_sw', 'p_sw', 'p_sw', 'p_spike', 'p_spike', 'p_sw', 'p_sw', 'p_poly', 'p_sw', 'p_sw', 'p_sw', 'p_sw', 'p_poly', 'p_poly', 'p_sw', 'p_spike', 'p_sw', 'p_sw', 'p_spike', 'p_sw', 'p_spike', 'p_sw', 'p_spike', 'p_spike', 'p_sw', 'p_spike', 'p_sw', 'p_poly', 'p_sw', 'p_sw', 'p_sw', 'p_sw', 'p_sw', 'p_sw', 'p_sw', 'p_sw', 'p_spike', 'p_sw', 'p_spike', 'p_spike', 'p_spike', 'p_spike', 'p_spike', 'p_spike', 'p_sw', 'p_spike', 'p_spike', 'p_spike', 'p_spike', 'p_sw', 'p_sw', 'p_spike', 'p_sw', 'p_spike', 'p_sw', 'p_poly', 'p_poly', 'p_sw', 'p_spike', 'p_spike', 'p_sw', 'p_sw', 'p_sw', 'p_spike', 'p_spike', 'p_sw', 'p_sw', 'p_sw', 'p_sw', 'p_spike', 'p_spike', 'p_sw', 'p_sw', 'p_sw', 'p_sw', 'p_sw', 'p_spike', 'p_sw', 'p_sw', 'p_spike', 'p_spike', 'p_spike', 'p_sw', 'p_poly', 'p_sw', 'p_sw', 'p_sw', 'p_sw', 'p_sw', 'p_sw', 'p_sw', 'p_sw', 'p_spike', 'p_sw', 'p_spike', 'p_sw', 'p_spike', 'p_spike', 'p_sw', 'p_spike', 'p_spike', 'p_spike', 'p_sw', 'p_sw', 'p_sw', 'p_sw', 'p_sw', 'p_sw', 'p_spike', 'p_sw', 'p_spike', 'p_spike', 'p_sw', 'p_spike', 'p_sw', 'p_sw', 'p_spike', 'p_spike', 'p_sw', 'p_sw', 'p_spike', 'p_sw', 'p_spike', 'p_sw', 'p_sw', 'p_sw', 'p_sw', 'p_sw', 'p_spike', 'p_spike', 'p_sw', 'p_spike', 'p_sw', 'p_sw', 'p_sw', 'p_sw', 'p_spike', 'p_sw', 'p_spike', 'p_sw', 'p_spike', 'p_spike', 'p_spike', 'p_sw', 'p_poly', 'p_spike', 'p_spike', 'p_spike', 'p_sw', 'p_sw', 'p_sw', 'p_spike', 'p_spike', 'p_sw', 'p_sw', 'p_spike', 'p_sw', 'p_sw', 'p_sw', 'p_spike', 'p_sw', 'p_spike', 'p_sw', 'p_sw', 'p_sw', 'p_sw', 'p_sw']"
20,RP6-RP9,74,"[314.34, 316.93, 390.685, 457.005, 647.58, 760.715, 1182.65, 1238.29, 1517.83, 1554.105, 1727.59, 1788.15, 1967.57, 1967.58, 1968.4, 1999.585, 2009.39, 2252.04, 3037.735, 3489.72, 3496.84, 3513.755, 3514.155, 3613.29, 3613.49, 3613.985, 3709.96, 4010.055, 4304.275, 4304.275, 4328.665, 4330.895, 4395.08, 4397.36, 4397.7, 4400.305, 4402.28, 4417.275, 4477.125, 4719.41, 4970.515, 5106.205, 5162.205, 5162.21, 5162.295, 5165.83, 5188.83, 5188.85, 5325.64, 5359.01, 5359.19, 5454.24, 5463.24, 5464.34, 5464.36, 5464.37, 5576.965, 5885.16, 6131.51, 6131.515, 6131.87, 6381.91, 6381.915, 6400.155, 6404.66, 6404.675, 6406.08, 6406.115, 6408.765, 6462.915, 6462.92, 6471.32, 6487.985, 6585.86]","['p_poly', 'p_poly', 'p_sw', 'p_sw', 'p_sw', 'p_spike', 'p_sw', 'p_sw', 'p_sw', 'p_sw', 'p_poly', 'p_sw', 'p_sw', 'p_sw', 'p_sw', 'p_sw', 'p_sw', 'p_sw', 'p_spike', 'p_spike', 'p_sw', 'p_spike', 'p_spike', 'p_spike', 'p_sw', 'p_spike', 'p_sw', 'p_spike', 'p_spike', 'p_spike', 'p_sw', 'p_sw', 'p_spike', 'p_sw', 'p_sw', 'p_sw', 'p_sw', 'p_spike', 'p_sw', 'p_sw', 'p_sw', 'p_sw', 'p_sw', 'p_sw', 'p_sw', 'p_sw', 'p_sw', 'p_sw', 'p_sw', 'p_sw', 'p_sw', 'p_sw', 'p_poly', 'p_spike', 'p_sw', 'p_spike', 'p_sw', 'p_sw', 'p_sw', 'p_poly', 'p_sw', 'p_spike', 'p_sw', 'p_sw', 'p_sw', 'p_poly', 'p_sw', 'p_sw', 'p_poly', 'p_spike', 'p_sw', 'p_sw', 'p_sw', 'p_spike']"
21,RP9-RP12,94,"[240.05, 244.945, 246.305, 267.185, 270.13, 313.325, 325.31, 332.465, 348.785, 390.905, 1240.9, 1882.27, 1895.32, 1948.01, 1950.355, 1999.56, 2009.52, 2068.84, 2833.785, 3037.735, 3490.785, 3513.6, 3552.34, 3613.985, 3625.58, 3709.89, 4108.83, 4304.545, 4304.545, 4304.55, 4329.475, 4337.655, 4337.655, 4343.365, 4363.85, 4368.84, 4419.255, 5148.375, 5162.295, 5162.295, 5164.195, 5228.715, 5358.97, 5454.23, 5454.375, 6131.65, 6131.865, 6219.805, 6224.225, 6234.66, 6245.975, 6253.95, 6262.7, 6267.365, 6314.975, 6324.72, 6331.37, 6338.02, 6343.075, 6345.855, 6350.045, 6350.31, 6356.255, 6368.17, 6387.855, 6390.585, 6406.085, 6408.79, 6408.795, 6462.915, 6462.92, 6462.92, 6471.315, 6471.315, 6472.63, 6478.705, 6480.83, 6498.945, 6503.275, 6508.185, 6514.76, 6518.795, 6551.43, 6753.875, 6753.88, 6789.255, 6892.21, 6937.245, 6958.35, 6968.08, 6996.04, 7086.49, 7092.1, 7110.28]","['p_spike', 'p_sw', 'p_spike', 'p_spike', 'p_sw', 'p_spike', 'p_sw', 'p_sw', 'p_spike', 'p_spike', 'p_sw', 'p_spike', 'p_spike', 'p_spike', 'p_spike', 'p_sw', 'p_sw', 'p_sw', 'p_sw', 'p_spike', 'p_spike', 'p_sw', 'p_sw', 'p_spike', 'p_sw', 'p_poly', 'p_spike', 'p_spike', 'p_spike', 'p_spike', 'p_sw', 'p_sw', 'p_spike', 'p_spike', 'p_spike', 'p_sw', 'p_spike', 'p_spike', 'p_sw', 'p_sw', 'p_spike', 'p_sw', 'p_spike', 'p_spike', 'p_spike', 'p_sw', 'p_spike', 'p_spike', 'p_sw', 'p_spike', 'p_spike', 'p_spike', 'p_spike', 'p_spike', 'p_spike', 'p_spike', 'p_spike', 'p_spike', 'p_spike', 'p_sw', 'p_sw', 'p_spike', 'p_spike', 'p_spike', 'p_spike', 'p_spike', 'p_sw', 'p_spike', 'p_sw', 'p_sw', 'p_poly', 'p_sw', 'p_sw', 'p_sw', 'p_sw', 'p_spike', 'p_spike', 'p_spike', 'p_sw', 'p_spike', 'p_spike', 'p_spike', 'p_spike', 'p_spike', 'p_sw', 'p_spike', 'p_spike', 'p_spike', 'p_spike', 'p_spike', 'p_spike', 'p_sw', 'p_spike', 'p_spike']"
22,RS1-RS6,60,"[247.81, 340.085, 340.11, 446.77, 652.645, 1968.43, 2009.44, 2009.45, 2251.98, 3460.605, 3496.63, 3513.755, 3513.755, 3513.755, 3516.94, 3552.34, 3558.955, 3613.29, 3623.07, 3623.115, 3625.395, 3625.585, 3631.525, 3709.73, 3709.73, 3709.745, 3813.91, 4304.545, 4304.545, 4304.545, 4304.55, 4397.475, 4400.415, 4400.425, 4477.075, 4478.14, 5093.89, 5107.48, 5164.15, 5237.35, 5453.815, 5454.26, 5463.9, 5514.18, 5675.59, 6131.61, 6131.63, 6132.71, 6218.36, 6218.385, 6381.945, 6381.945, 6381.945, 6462.58, 6462.91, 6462.915, 6462.92, 6471.245, 6471.265, 6569.68]","['p_spike', 'p_sw', 'p_sw', 'p_spike', 'p_sw', 'p_sw', 'p_spike', 'p_spike', 'p_poly', 'p_spike', 'p_sw', 'p_sw', 'p_spike', 'p_sw', 'p_spike', 'p_sw', 'p_spike', 'p_sw', 'p_sw', 'p_spike', 'p_sw', 'p_sw', 'p_sw', 'p_sw', 'p_sw', 'p_sw', 'p_sw', 'p_spike', 'p_spike', 'p_spike', 'p_spike', 'p_spike', 'p_sw', 'p_sw', 'p_spike', 'p_spike', 'p_spike', 'p_spike', 'p_sw', 'p_spike', 'p_sw', 'p_poly', 'p_sw', 'p_spike', 'p_sw', 'p_sw', 'p_sw', 'p_spike', 'p_spike', 'p_sw', 'p_sw', 'p_sw', 'p_spike', 'p_poly', 'p_spike', 'p_spike', 'p_spike', 'p_sw', 'p_sw', 'p_sw']"
23,RS6-RS9,37,"[390.525, 390.525, 758.56, 1754.27, 1999.65, 2010.425, 3489.68, 3513.75, 3513.755, 3613.5, 3614.005, 3625.395, 3625.59, 4304.265, 4395.525, 4397.67, 4397.7, 4478.74, 5107.475, 5463.235, 5463.28, 5464.345, 5591.05, 6101.145, 6105.155, 6127.195, 6445.33, 6462.925, 6462.925, 6471.295, 6493.66, 6511.19, 6513.91, 6519.62, 6522.915, 6610.16, 6614.75]","['p_sw', 'p_sw', 'p_spike', 'p_sw', 'p_sw', 'p_sw', 'p_sw', 'p_sw', 'p_spike', 'p_spike', 'p_spike', 'p_sw', 'p_sw', 'p_spike', 'p_sw', 'p_sw', 'p_spike', 'p_poly', 'p_sw', 'p_sw', 'p_sw', 'p_sw', 'p_sw', 'p_sw', 'p_poly', 'p_sw', 'p_sw', 'p_spike', 'p_spike', 'p_sw', 'p_spike', 'p_sw', 'p_sw', 'p_sw', 'p_sw', 'p_poly', 'p_sw']"
24,RT1-RT3,18,"[310.09, 372.965, 2005.765, 3496.24, 3513.755, 4304.55, 5107.455, 5326.05, 5326.105, 5454.2, 5454.235, 5591.13, 6131.675, 6381.825, 6406.115, 6462.915, 6462.915, 6471.325]","['p_sw', 'p_sw', 'p_sw', 'p_spike', 'p_sw', 'p_spike', 'p_spike', 'p_sw', 'p_sw', 'p_sw', 'p_sw', 'p_sw', 'p_sw', 'p_spike', 'p_sw', 'p_spike', 'p_spike', 'p_spike']"
25,RT3-RT6,55,"[259.025, 267.155, 310.09, 581.63, 648.1, 700.08, 700.085, 789.915, 917.45, 1173.16, 1173.17, 1851.985, 2008.16, 2142.43, 2179.04, 3460.59, 3498.45, 3499.635, 3513.75, 3513.75, 3613.285, 3613.3, 3625.405, 3636.935, 3694.175, 3787.285, 3847.84, 3920.39, 3934.985, 3969.405, 4081.355, 4235.26, 4279.63, 4304.52, 4313.03, 5093.91, 5107.435, 5107.46, 5235.785, 5325.955, 5326.265, 5359.085, 5454.46, 5454.63, 5464.2, 5464.355, 5591.145, 6081.6, 6131.68, 6406.115, 6406.12, 6462.51, 6462.575, 6462.59, 6471.305]","['p_sw', 'p_sw', 'p_sw', 'p_sw', 'p_spike', 'p_sw', 'p_sw', 'p_sw', 'p_sw', 'p_sw', 'p_sw', 'p_sw', 'p_sw', 'p_spike', 'p_sw', 'p_sw', 'p_sw', 'p_spike', 'p_spike', 'p_sw', 'p_sw', 'p_spike', 'p_sw', 'p_sw', 'p_sw', 'p_spike', 'p_sw', 'p_spike', 'p_sw', 'p_spike', 'p_sw', 'p_sw', 'p_sw', 'p_spike', 'p_sw', 'p_sw', 'p_spike', 'p_sw', 'p_spike', 'p_sw', 'p_sw', 'p_sw', 'p_sw', 'p_spike', 'p_sw', 'p_sw', 'p_sw', 'p_spike', 'p_sw', 'p_sw', 'p_spike', 'p_spike', 'p_spike', 'p_spike', 'p_sw']"
